{
  "n_pairs": 30,
  "t_0.5": {
    "mean_unprot": 51.68546632314109,
    "mean_prot": 53.23133773751981,
    "delta_mean": 1.5458714143787295,
    "ci95": {
      "low": 1.4341111843180987,
      "high": 1.6572665044025678
    }
  },
  "t_0.1": {
    "mean_unprot": 209.57801139411478,
    "mean_prot": 211.2305888198052,
    "delta_mean": 1.6525774256904147,
    "ci95": {
      "low": 1.139613706592249,
      "high": 2.120629879255815
    }
  },
  "acceptance": {
    "delta_t0.5_positive_95CI": true
  }
}