{
  "gamma_q_true": 0.8,
  "gamma_q_est_mean": 0.8000000000000002,
  "gamma_q_est_std": 2.5912340073027995e-15
}