{
  "lambda": {
    "mean": 0.6695672937334134,
    "ci95": {
      "low": 0.6575872147889278,
      "high": 0.681547372677899
    },
    "units": "1/us"
  },
  "gamma_r": {
    "unprotected": {
      "mean": 1.0,
      "ci95": {
        "low": 0.95,
        "high": 1.05
      }
    },
    "protected": {
      "mean": 0.5,
      "ci95": {
        "low": 0.475,
        "high": 0.525
      }
    }
  }
}